{"cameraMode":{"drawMode":0,"name":"Shaded","section":"Shading Mode"},"sceneLighting":true,"audioPlay":false,"sceneViewState":{"showFog":false,"showMaterialUpdate":false,"showSkybox":false,"showFlares":false,"showImageEffects":false,"showParticleSystems":false},"in2DMode":false,"pivot":{"x":16.58499526977539,"y":-33.26939392089844,"z":14.998283386230469},"rotation":{"x":-0.1210855096578598,"y":0.16006766259670258,"z":-0.019783975556492807,"w":-0.9794594645500183},"size":91.0826416015625,"orthographic":false}