{"cameraMode":{"drawMode":0,"name":"Shaded","section":"Shading Mode"},"sceneLighting":true,"audioPlay":false,"sceneViewState":{"showFog":false,"showMaterialUpdate":false,"showSkybox":false,"showFlares":false,"showImageEffects":false,"showParticleSystems":false},"in2DMode":false,"pivot":{"x":6.708039283752441,"y":2.0594186782836916,"z":0.5239133238792419},"rotation":{"x":-0.18357869982719422,"y":0.6429535150527954,"z":-0.16267475485801698,"w":-0.7255781292915344},"size":4.127381801605225,"orthographic":false}