{"cameraMode":{"drawMode":0,"name":"Shaded","section":"Shading Mode"},"sceneLighting":false,"audioPlay":false,"sceneViewState":{"showFog":false,"showMaterialUpdate":false,"showSkybox":false,"showFlares":false,"showImageEffects":false,"showParticleSystems":false},"in2DMode":false,"pivot":{"x":0.7761111259460449,"y":0.3147186040878296,"z":0.04245483875274658},"rotation":{"x":-0.21913506090641023,"y":0.3658910393714905,"z":-0.08908002078533173,"w":-0.9001027345657349},"size":2.857883930206299,"orthographic":false}