{"cameraMode":{"drawMode":0,"name":"Shaded","section":"Shading Mode"},"sceneLighting":true,"audioPlay":false,"sceneViewState":{"showFog":false,"showMaterialUpdate":false,"showSkybox":false,"showFlares":false,"showImageEffects":false,"showParticleSystems":false},"in2DMode":false,"pivot":{"x":19.628765106201173,"y":-25.052085876464845,"z":23.964954376220704},"rotation":{"x":-0.697393536567688,"y":-0.00827094353735447,"z":0.0073943715542554859,"w":-0.7168962955474854},"size":45.98713684082031,"orthographic":false}