{"cameraMode":{"drawMode":0,"name":"Shaded","section":"Shading Mode"},"sceneLighting":true,"audioPlay":false,"sceneViewState":{"showFog":false,"showMaterialUpdate":false,"showSkybox":false,"showFlares":false,"showImageEffects":false,"showParticleSystems":false},"in2DMode":false,"pivot":{"x":134.0970916748047,"y":8.528162002563477,"z":-3.0810089111328127},"rotation":{"x":0.025049330666661264,"y":-0.8519226312637329,"z":-0.04092433303594589,"w":-0.5214837789535523},"size":201.32925415039063,"orthographic":false}