{"cameraMode":{"drawMode":0,"name":"Shaded","section":"Shading Mode"},"sceneLighting":true,"audioPlay":false,"sceneViewState":{"showFog":false,"showMaterialUpdate":false,"showSkybox":false,"showFlares":false,"showImageEffects":false,"showParticleSystems":false},"in2DMode":false,"pivot":{"x":-5.861791610717773,"y":1.9792659282684327,"z":8.00424575805664},"rotation":{"x":0.44954296946525576,"y":-0.05221075564622879,"z":0.026318784803152086,"w":0.8913724422454834},"size":6.757885456085205,"orthographic":false}