{"cameraMode":{"drawMode":0,"name":"Shaded","section":"Shading Mode"},"sceneLighting":true,"audioPlay":false,"sceneViewState":{"showFog":false,"showMaterialUpdate":false,"showSkybox":false,"showFlares":false,"showImageEffects":false,"showParticleSystems":false},"in2DMode":false,"pivot":{"x":31.672101974487306,"y":-11.777287483215332,"z":28.920278549194337},"rotation":{"x":-0.697393536567688,"y":-0.00827094353735447,"z":0.0073943715542554859,"w":-0.7168962955474854},"size":24.622777938842775,"orthographic":false}