{"cameraMode":{"drawMode":0,"name":"Shaded","section":"Shading Mode"},"sceneLighting":true,"audioPlay":false,"sceneViewState":{"showFog":false,"showMaterialUpdate":false,"showSkybox":false,"showFlares":false,"showImageEffects":false,"showParticleSystems":false},"in2DMode":false,"pivot":{"x":21.528045654296876,"y":-13.508504867553711,"z":16.01212501525879},"rotation":{"x":-0.23093366622924806,"y":0.028482234105467798,"z":-0.007384648080915213,"w":-0.9727590084075928},"size":9.178133964538575,"orthographic":false}