{"cameraMode":{"drawMode":0,"name":"Shaded","section":"Shading Mode"},"sceneLighting":false,"audioPlay":false,"sceneViewState":{"showFog":false,"showMaterialUpdate":false,"showSkybox":false,"showFlares":false,"showImageEffects":false,"showParticleSystems":false},"in2DMode":false,"pivot":{"x":0.8048966526985169,"y":0.12111300230026245,"z":-1.6421741247177125},"rotation":{"x":0.22859974205493928,"y":-0.18271781504154206,"z":0.043726906180381778,"w":0.9552218317985535},"size":0.6607359647750855,"orthographic":false}