{"cameraMode":{"drawMode":0,"name":"Shaded","section":"Shading Mode"},"sceneLighting":true,"audioPlay":false,"sceneViewState":{"showFog":false,"showMaterialUpdate":false,"showSkybox":false,"showFlares":false,"showImageEffects":false,"showParticleSystems":false},"in2DMode":false,"pivot":{"x":-4.534773349761963,"y":3.341036796569824,"z":-3.038102865219116},"rotation":{"x":-0.4072529077529907,"y":-0.09372091293334961,"z":0.042054541409015658,"w":-0.9075354933738709},"size":11.837065696716309,"orthographic":false}