{"cameraMode":{"drawMode":0,"name":"Shaded","section":"Shading Mode"},"sceneLighting":true,"audioPlay":false,"sceneViewState":{"showFog":false,"showMaterialUpdate":false,"showSkybox":false,"showFlares":false,"showImageEffects":false,"showParticleSystems":false},"in2DMode":false,"pivot":{"x":-9.96506118774414,"y":2.248053550720215,"z":-8.935220718383789},"rotation":{"x":0.2690233290195465,"y":0.6249493956565857,"z":-0.24319042265415193,"w":0.6913480162620544},"size":6.836507320404053,"orthographic":false}