{"cameraMode":{"drawMode":0,"name":"Shaded","section":"Shading Mode"},"sceneLighting":true,"audioPlay":false,"sceneViewState":{"showFog":false,"showMaterialUpdate":false,"showSkybox":false,"showFlares":false,"showImageEffects":false,"showParticleSystems":false},"in2DMode":false,"pivot":{"x":-0.37423837184906008,"y":5.455161094665527,"z":-9.208247184753418},"rotation":{"x":0.2955121695995331,"y":0.007164867594838142,"z":-0.0022164597176015379,"w":0.9553110003471375},"size":10.548054695129395,"orthographic":false}