{"cameraMode":{"drawMode":0,"name":"Shaded","section":"Shading Mode"},"sceneLighting":true,"audioPlay":false,"sceneViewState":{"showFog":false,"showMaterialUpdate":false,"showSkybox":false,"showFlares":false,"showImageEffects":false,"showParticleSystems":false},"in2DMode":false,"pivot":{"x":-2.836564540863037,"y":0.07558059692382813,"z":-4.104093074798584},"rotation":{"x":0.24296605587005616,"y":0.17491286993026734,"z":-0.04459453746676445,"w":0.9531170725822449},"size":2.4921560287475588,"orthographic":false}