{"cameraMode":{"drawMode":0,"name":"Shaded","section":"Shading Mode"},"sceneLighting":true,"audioPlay":false,"sceneViewState":{"showFog":false,"showMaterialUpdate":false,"showSkybox":false,"showFlares":false,"showImageEffects":false,"showParticleSystems":false},"in2DMode":false,"pivot":{"x":1.3587424755096436,"y":-3.7277631759643556,"z":0.5423126220703125},"rotation":{"x":0.4604734778404236,"y":0.001338306232355535,"z":-0.0006760596879757941,"w":0.8877386450767517},"size":12.373679161071778,"orthographic":false}