{"cameraMode":{"drawMode":0,"name":"Shaded","section":"Shading Mode"},"sceneLighting":true,"audioPlay":false,"sceneViewState":{"showFog":false,"showMaterialUpdate":false,"showSkybox":false,"showFlares":false,"showImageEffects":false,"showParticleSystems":false},"in2DMode":false,"pivot":{"x":6.28032112121582,"y":4.103300094604492,"z":-1.952967882156372},"rotation":{"x":-0.5205047726631165,"y":0.22496721148490907,"z":-0.14437982439994813,"w":-0.8109794855117798},"size":21.858049392700197,"orthographic":false}