{"cameraMode":{"drawMode":0,"name":"Shaded","section":"Shading Mode"},"sceneLighting":true,"audioPlay":false,"sceneViewState":{"showFog":false,"showMaterialUpdate":false,"showSkybox":false,"showFlares":false,"showImageEffects":false,"showParticleSystems":false},"in2DMode":false,"pivot":{"x":-9.115679740905762,"y":1.3970661163330079,"z":6.895003318786621},"rotation":{"x":0.6200103163719177,"y":0.021208109334111215,"z":-0.016706183552742006,"w":0.7842007875442505},"size":8.272342681884766,"orthographic":false}