{"cameraMode":{"drawMode":0,"name":"Shaded","section":"Shading Mode"},"sceneLighting":true,"audioPlay":false,"sceneViewState":{"showFog":false,"showMaterialUpdate":false,"showSkybox":false,"showFlares":false,"showImageEffects":false,"showParticleSystems":false},"in2DMode":false,"pivot":{"x":-3.6357901096343996,"y":-14.005653381347657,"z":2.3592987060546877},"rotation":{"x":0.2600042521953583,"y":-0.05066603422164917,"z":0.01366277877241373,"w":0.9641802906990051},"size":67.9891357421875,"orthographic":false}