{"cameraMode":{"drawMode":0,"name":"Shaded","section":"Shading Mode"},"sceneLighting":true,"audioPlay":false,"sceneViewState":{"showFog":false,"showMaterialUpdate":false,"showSkybox":false,"showFlares":false,"showImageEffects":false,"showParticleSystems":false},"in2DMode":false,"pivot":{"x":34.46653366088867,"y":-12.794825553894043,"z":-8.814579010009766},"rotation":{"x":-0.06194399297237396,"y":0.0532388910651207,"z":-0.004181907046586275,"w":-0.9969072341918945},"size":4.358448505401611,"orthographic":false}