{"cameraMode":{"drawMode":0,"name":"Shaded","section":"Shading Mode"},"sceneLighting":true,"audioPlay":false,"sceneViewState":{"showFog":false,"showMaterialUpdate":false,"showSkybox":false,"showFlares":false,"showImageEffects":false,"showParticleSystems":false},"in2DMode":false,"pivot":{"x":28.699020385742189,"y":-19.29654312133789,"z":14.98660659790039},"rotation":{"x":-0.1826181858778,"y":-0.003680615685880184,"z":-0.00015916825213935226,"w":-0.9834185838699341},"size":23.88290023803711,"orthographic":false}