{"cameraMode":{"drawMode":0,"name":"Shaded","section":"Shading Mode"},"sceneLighting":true,"audioPlay":false,"sceneViewState":{"showFog":false,"showMaterialUpdate":false,"showSkybox":false,"showFlares":false,"showImageEffects":false,"showParticleSystems":false},"in2DMode":false,"pivot":{"x":40.37419891357422,"y":-8.127530097961426,"z":15.386225700378418},"rotation":{"x":0.1806231290102005,"y":-0.4469459652900696,"z":0.09313306957483292,"w":0.8714026212692261},"size":39.67622375488281,"orthographic":false}