{"cameraMode":{"drawMode":0,"name":"Shaded","section":"Shading Mode"},"sceneLighting":true,"audioPlay":false,"sceneViewState":{"showFog":false,"showMaterialUpdate":false,"showSkybox":false,"showFlares":false,"showImageEffects":false,"showParticleSystems":false},"in2DMode":false,"pivot":{"x":-0.48859724402427676,"y":2.7151241302490236,"z":-4.521083831787109},"rotation":{"x":0.20458339154720307,"y":-0.02495979517698288,"z":0.005217369180172682,"w":0.9785334467887878},"size":18.838321685791017,"orthographic":false}