{"cameraMode":{"drawMode":0,"name":"Shaded","section":"Shading Mode"},"sceneLighting":true,"audioPlay":false,"sceneViewState":{"showFog":false,"showMaterialUpdate":false,"showSkybox":false,"showFlares":false,"showImageEffects":false,"showParticleSystems":false},"in2DMode":false,"pivot":{"x":13.606758117675782,"y":-9.798095703125,"z":15.764869689941407},"rotation":{"x":0.044377222657203677,"y":0.9337387681007385,"z":-0.12454754114151001,"w":0.33271363377571108},"size":110.38046264648438,"orthographic":false}