{"cameraMode":{"drawMode":0,"name":"Shaded","section":"Shading Mode"},"sceneLighting":true,"audioPlay":false,"sceneViewState":{"showFog":false,"showMaterialUpdate":false,"showSkybox":false,"showFlares":false,"showImageEffects":false,"showParticleSystems":false},"in2DMode":false,"pivot":{"x":-3.1519103050231935,"y":1.2907476425170899,"z":0.06702376902103424},"rotation":{"x":-0.10733848810195923,"y":0.6746915578842163,"z":-0.10011179000139237,"w":-0.7233650088310242},"size":15.519383430480957,"orthographic":false}