{"cameraMode":{"drawMode":0,"name":"Shaded","section":"Shading Mode"},"sceneLighting":false,"audioPlay":false,"sceneViewState":{"showFog":false,"showMaterialUpdate":false,"showSkybox":false,"showFlares":false,"showImageEffects":false,"showParticleSystems":false},"in2DMode":false,"pivot":{"x":-4.232138633728027,"y":-1.9749131202697755,"z":2.3865432739257814},"rotation":{"x":0.2600042521953583,"y":-0.05066603422164917,"z":0.01366277877241373,"w":0.9641802906990051},"size":64.6882095336914,"orthographic":false}