{"cameraMode":{"drawMode":0,"name":"Shaded","section":"Shading Mode"},"sceneLighting":false,"audioPlay":false,"sceneViewState":{"showFog":false,"showMaterialUpdate":false,"showSkybox":false,"showFlares":false,"showImageEffects":false,"showParticleSystems":false},"in2DMode":false,"pivot":{"x":-3.512206554412842,"y":0.672103762626648,"z":-0.6742860078811646},"rotation":{"x":-0.21913506090641023,"y":0.3658910393714905,"z":-0.08908002078533173,"w":-0.9001027345657349},"size":1.1431536674499512,"orthographic":false}