{"cameraMode":{"drawMode":0,"name":"Shaded","section":"Shading Mode"},"sceneLighting":true,"audioPlay":false,"sceneViewState":{"showFog":false,"showMaterialUpdate":false,"showSkybox":false,"showFlares":false,"showImageEffects":false,"showParticleSystems":false},"in2DMode":false,"pivot":{"x":49.7135124206543,"y":-16.264925003051759,"z":5.4224934577941898},"rotation":{"x":-0.3499426245689392,"y":0.027347566559910775,"z":-0.010856703855097294,"w":-0.9365538358688355},"size":148.5859832763672,"orthographic":false}