{"cameraMode":{"drawMode":0,"name":"Shaded","section":"Shading Mode"},"sceneLighting":true,"audioPlay":false,"sceneViewState":{"showFog":false,"showMaterialUpdate":false,"showSkybox":false,"showFlares":false,"showImageEffects":false,"showParticleSystems":false},"in2DMode":false,"pivot":{"x":55.49776077270508,"y":-25.06622886657715,"z":35.00032424926758},"rotation":{"x":-0.20809024572372437,"y":0.09307002276182175,"z":-0.020478617399930955,"w":-0.9736722111701965},"size":32.96076965332031,"orthographic":false}